country,year,value
Thailand,2001,0.61811657
Thailand,2002,0.586605631
Thailand,2004,0.5581724301
Thailand,2006,0.5681182961
Thailand,2007,0.5607310618
Thailand,2009,0.5360001884
Thailand,2011,0.5270628736
Thailand,2013,0.5279404452
Thailand,2015,0.5084735332
