country,year,value
Thailand,2001,0.7627406885
Thailand,2002,0.7516153642
Thailand,2004,0.7630865112
Thailand,2006,0.7479537301
Thailand,2007,0.7473374844
Thailand,2009,0.7442731937
Thailand,2011,0.7517768231
Thailand,2013,0.7295447681
Thailand,2015,0.7243516063
