country,year,value
Gabon,2006,63.6363639831543
Burkina Faso,2007,33.3333320617675
Senegal,2007,39.3939399719238
Burundi,2009,42.4242439270019
Comoros,2009,30.303030014038
Congo,2009,33.3333320617675
Cote d'Ivoire,2009,33.3333320617675
Chad,2010,33.3333320617675
Democratic Republic of Congo,2010,39.3939399719238
Togo,2010,30.303030014038
