country,year,value
Argentina,2006,1.54178
Brazil,2006,0.3437
Chile,2006,0.12288
Colombia,2006,0.37856
Costa Rica,2006,0.05649
Cuba,2006,0.20149
Dominican Republic,2006,3.24169
Ecuador,2006,4.51132
El Salvador,2006,0.95434
Guatemala,2006,3.35217
Mexico,2006,0.23964
Nicaragua,2006,0.95491
Panama,2006,1.26959
Paraguay,2006,3.07303
Peru,2006,2.23105
Uruguay,2006,0.42964
