country,year,value
Argentina,2006,7.0641
Brazil,2006,6.5818
Chile,2006,18.15411
Colombia,2006,8.60673
Costa Rica,2006,18.25612
Cuba,2006,42.69786
Dominican Republic,2006,0.54252
Ecuador,2006,1.71014
El Salvador,2006,5.2643
Guatemala,2006,2.23502
Mexico,2006,11.50864
Nicaragua,2006,1.97576
Panama,2006,3.47899
Paraguay,2006,5.03622
Peru,2006,4.00024
Uruguay,2006,11.78628
