country,year,value
Argentina,2006,26.13547
Brazil,2006,24.09862
Chile,2006,36.80811
Colombia,2006,21.68988
Costa Rica,2006,37.49929
Cuba,2006,28.32768
Dominican Republic,2006,4.59691
Ecuador,2006,12.91911
El Salvador,2006,19.95399
Guatemala,2006,8.53706
Mexico,2006,30.14269
Nicaragua,2006,10.8663
Panama,2006,14.279
Paraguay,2006,15.03446
Peru,2006,14.71457
Uruguay,2006,28.11059
