country,year,value
Malawi,2010,54.6782701929058
Malawi,2011,44.7332317486663
Malawi,2012,39.0774921516535
