country,year,value
Mozambique,2010,1.55896997451782
Namibia,2010,1.05832004547119
Tanzania,2010,4.4934401512146
Uganda,2010,1.59326004981995
Mozambique,2011,2.01590991020203
Eswatini,2011,1.0
Uganda,2011,1.78092002868652
Zambia,2011,2.2077898979187
Mozambique,2012,1.88896000385284
Namibia,2012,1.19719994068146
Eswatini,2012,1.0
Tanzania,2012,4.27383995056152
Zambia,2012,2.71397995948792
Tanzania,2013,4.62467002868652
