country,year,value
Albania,2005,98.2869582836769
Kazakhstan,2005,99.3871409814482
Montenegro,2005,100.0
Tajikistan,2005,84.1264630591969
Thailand,2005,100.0
Bosnia and Herzegovina,2006,100.0
Suriname,2010,37.1135411802788
Bosnia and Herzegovina,2011,99.4350978054494
Chad,2011,42.7429427896664
Sierra Leone,2011,48.3903739203928
Malawi,2014,84.6616069121728
