country,year,value
Argentina,2006,12.45179
Brazil,2006,14.59658
Chile,2006,9.56299
Colombia,2006,15.22592
Costa Rica,2006,5.4215
Cuba,2006,3.99468
Dominican Republic,2006,40.5319
Ecuador,2006,25.23047
El Salvador,2006,20.54578
Guatemala,2006,26.3808
Mexico,2006,8.49634
Nicaragua,2006,24.95751
Panama,2006,27.24391
Paraguay,2006,19.50695
Peru,2006,21.21586
Uruguay,2006,3.58566
