country,year,value
Albania,2005,99.6166669599112
Kazakhstan,2005,98.1815418206628
Montenegro,2005,100.0
Sierra Leone,2005,53.4689316095083
Tajikistan,2005,98.1828395084815
Thailand,2005,99.969317168788
Bosnia and Herzegovina,2006,99.6279048648164
Suriname,2010,51.5202557487274
Bosnia and Herzegovina,2011,100.0
Chad,2011,24.2952266115117
Sierra Leone,2011,57.8144205355688
Malawi,2014,83.089285972075
