country,year,value
Democratic Republic of Congo,2011,1.80376005172729
Eritrea,2011,1.82482004165649
Cameroon,2012,5.67742013931274
Eritrea,2012,0.317460000514984
Niger,2012,4.75436019897461
Eswatini,2012,8.23528957366943
Burundi,2013,3.57815003395081
Comoros,2013,14.8148097991943
Ghana,2013,1.24744999408722
Tunisia,2013,10.4408397674561
Togo,2014,2.05479001998901
Djibouti,2015,2.94117999076843
