country,year,value
Argentina,2006,24.68203
Brazil,2006,25.4189
Chile,2006,32.07934
Colombia,2006,30.16879
Costa Rica,2006,35.9581
Cuba,2006,24.03315
Dominican Republic,2006,7.7991
Ecuador,2006,15.30314
El Salvador,2006,24.64371
Guatemala,2006,16.44856
Mexico,2006,28.79617
Nicaragua,2006,19.83948
Panama,2006,18.86863
Paraguay,2006,17.72644
Peru,2006,23.29339
Uruguay,2006,29.00473
