country,year,value
Djibouti,2008,14.5631103515625
Cape Verde,2011,9.69266986846924
Djibouti,2011,52.4590187072754
Ghana,2012,1.14711999893188
Morocco,2013,7.51220989227295
Niger,2013,5.41012001037598
