country,year,value
Argentina,2006,16.02481
Brazil,2006,13.84074
Chile,2006,20.37184
Colombia,2006,13.33307
Costa Rica,2006,23.52748
Cuba,2006,16.97311
Dominican Republic,2006,1.06342
Ecuador,2006,7.63935
El Salvador,2006,10.36093
Guatemala,2006,6.03959
Mexico,2006,18.17655
Nicaragua,2006,8.51982
Panama,2006,5.63204
Paraguay,2006,11.82504
Peru,2006,10.03144
Uruguay,2006,19.46693
