country,year,value
Mozambique,2010,51.7944297790527
Namibia,2010,30.4293994903564
Uganda,2010,34.5931587219238
Eswatini,2011,33.0054397583008
Uganda,2011,32.0978088378906
Botswana,2012,26.0553092956543
Mozambique,2012,48.9122505187988
Namibia,2012,28.0105590820313
Tanzania,2013,55.0599212646484
