country,year,value
Argentina,2006,26.26669
Brazil,2006,29.58858
Chile,2006,33.08062
Colombia,2006,30.62346
Costa Rica,2006,37.92984
Cuba,2006,24.3959
Dominican Republic,2006,10.50422
Ecuador,2006,18.03585
El Salvador,2006,23.42856
Guatemala,2006,15.59628
Mexico,2006,30.79449
Nicaragua,2006,22.14676
Panama,2006,22.78792
Paraguay,2006,19.41579
Peru,2006,21.8355
Uruguay,2006,30.3188
