country,year,value
Chad,2010,3.55463004112244
Niger,2010,23.7368392944336
Chad,2011,1.0908499956131
Benin,2013,15.5217695236206
Morocco,2013,3.99795007705688
Burundi,2014,20.7776393890381
Djibouti,2015,74.4066009521484
