country,year,value
Angola,2007,2.0
Angola,2008,2.41676998138428
Angola,2009,2.00833988189697
Cape Verde,2009,2.14662003517151
Angola,2010,2.1341700553894
Burkina Faso,2010,2.0
Cape Verde,2010,2.06164002418518
Chad,2010,2.11167001724243
Congo,2010,2.18902993202209
Eritrea,2010,2.0
Guinea,2010,2.01893997192383
Madagascar,2010,2.24684000015259
Mali,2010,2.30991005897522
Mozambique,2010,2.0
Namibia,2010,2.0
Niger,2010,2.14082002639771
Togo,2010,2.0
Benin,2011,2.27947998046875
Burkina Faso,2011,2.0
Cape Verde,2011,2.05537009239197
Central African Republic,2011,2.00038003921509
Chad,2011,2.11803007125854
Gambia,2011,2.0
Guinea,2011,2.11444997787476
Madagascar,2011,2.46614003181458
Mali,2011,2.29830002784729
Mozambique,2011,2.0
Sao Tome and Principe,2011,2.0
Seychelles,2011,2.0
Togo,2011,2.0
Burkina Faso,2012,2.0
Cape Verde,2012,2.03322005271912
Central African Republic,2012,2.004390001297
Chad,2012,2.12231993675232
Comoros,2012,2.0
Guinea,2012,2.0
Madagascar,2012,2.3445999622345
Morocco,2012,2.3258900642395
Mozambique,2012,2.0
Namibia,2012,2.23830008506775
Niger,2012,2.15403008460999
Sao Tome and Principe,2012,2.0
Senegal,2012,2.00018000602722
Cape Verde,2013,2.0531599521637
Cote d'Ivoire,2013,3.07891011238098
Guinea,2013,2.0
Madagascar,2013,2.4234299659729
Morocco,2013,2.32456994056702
Niger,2013,2.36161994934082
Sao Tome and Principe,2013,2.0
Togo,2013,2.0
Burkina Faso,2014,2.0
Cape Verde,2014,2.04966998100281
Cote d'Ivoire,2014,4.00787019729614
Guinea,2014,2.0003399848938
Madagascar,2014,2.27870011329651
Morocco,2014,2.32530999183655
Niger,2014,2.40491008758545
Senegal,2014,1.99984002113342
