country,year,value
Argentina,2006,36.34133
Brazil,2006,42.1982
Chile,2006,35.60664
Colombia,2006,45.39037
Costa Rica,2006,29.10189
Cuba,2006,18.66896
Dominican Republic,2006,43.52386
Ecuador,2006,45.21275
El Salvador,2006,50.38642
Guatemala,2006,50.54317
Mexico,2006,34.17662
Nicaragua,2006,51.75992
Panama,2006,49.66305
Paraguay,2006,44.32116
Peru,2006,37.29716
Uruguay,2006,21.29527
