country,year,value
Chad,2010,11.5137996673584
Mali,2010,6.4904899597168
Niger,2010,8.77488040924072
Zambia,2010,11.2404003143311
Chad,2011,4.8298602104187
Mali,2011,6.15880012512207
Togo,2011,1.07827997207642
Zambia,2012,11.2945003509521
Benin,2013,3.23449993133545
Mali,2013,12.3134899139404
Morocco,2013,3.09548997879028
Niger,2013,4.28937005996704
Burundi,2014,6.0262598991394
Niger,2014,1.38788998126984
Djibouti,2015,100.0
