country,year,value
Malawi,2010,11.2724162306456
Malawi,2011,13.9955364569466
Malawi,2012,16.9243410459212
