country,year,value
Gabon,2006,84.8484878540039
Burkina Faso,2007,63.6363639831543
Senegal,2007,69.6969680786132
Burundi,2009,60.6060600280761
Comoros,2009,60.6060600280761
Congo,2009,69.6969680786132
Cote d'Ivoire,2009,66.6666641235351
Chad,2010,72.7272720336914
Democratic Republic of Congo,2010,72.7272720336914
Togo,2010,57.575756072998
