country,year,value
Argentina,2006,10.69321
Brazil,2006,11.0463
Chile,2006,4.83309
Colombia,2006,8.1079
Costa Rica,2006,2.74626
Cuba,2006,1.08401
Dominican Republic,2006,43.46531
Ecuador,2006,13.55183
El Salvador,2006,9.6303
Guatemala,2006,16.36482
Mexico,2006,5.07907
Nicaragua,2006,10.05397
Panama,2006,16.85176
Paraguay,2006,15.82816
Peru,2006,14.5215
Uruguay,2006,6.61173
