country,year,value
Jordan,2012,26.3135045432809
Egypt,2013,8.71428255998963
Jordan,2014,31.52
