country,year,value
Guyana,2008,10.9617930773015
Ghana,2013,9.384599
