country,year,value
Argentina,2006,19.32226
Brazil,2006,17.80004
Chile,2006,8.90013
Colombia,2006,12.71586
Costa Rica,2006,4.7495
Cuba,2006,6.24507
Dominican Republic,2006,51.60809
Ecuador,2006,34.86449
El Salvador,2006,21.46623
Guatemala,2006,33.22992
Mexico,2006,13.35353
Nicaragua,2006,22.32689
Panama,2006,31.86858
Paraguay,2006,35.71237
Peru,2006,24.01002
Uruguay,2006,11.44055
