country,year,value
Albania,2005,98.7742563588383
Kazakhstan,2005,99.7386392066523
Montenegro,2005,100.0
Tajikistan,2005,86.3867348647864
Thailand,2005,100.0
Bosnia and Herzegovina,2006,99.4666846460134
Suriname,2010,46.6912575536115
Bosnia and Herzegovina,2011,100.0
Chad,2011,28.5717733454134
Sierra Leone,2011,59.6813586133359
Malawi,2014,79.8438829005387
