country,year,value
Chad,2004,31.3
Benin,2005,30.7
Cameroon,2005,54.5
Madagascar,2005,37.7
Gabon,2006,60.25738
Burkina Faso,2007,36.93904
Senegal,2007,39.44415
Burundi,2009,41.38573
Comoros,2009,33.67938
Congo,2009,37.17393
Cote d'Ivoire,2009,38.25295
Chad,2010,37.31013
Democratic Republic of Congo,2010,40.36576
Togo,2010,31.34008
