country,year,value
Albania,2005,100.0
Kazakhstan,2005,98.6575929933589
Montenegro,2005,100.0
Tajikistan,2005,97.0686529024581
Thailand,2005,100.0
Bosnia and Herzegovina,2006,100.0
Suriname,2010,50.5384404681418
Bosnia and Herzegovina,2011,100.0
Chad,2011,25.4996863482244
Sierra Leone,2011,55.502404830376
Malawi,2014,88.8235995612984
