country,year,value
Argentina,2006,6.64907
Brazil,2006,7.49169
Chile,2006,1.62131
Colombia,2006,5.2894
Costa Rica,2006,1.73978
Cuba,2006,0.54839
Dominican Republic,2006,31.38714
Ecuador,2006,14.99035
El Salvador,2006,4.83596
Guatemala,2006,14.03664
Mexico,2006,3.91563
Nicaragua,2006,7.33813
Panama,2006,11.87094
Paraguay,2006,12.64761
Peru,2006,9.44901
Uruguay,2006,5.3754
