country,year,value
Djibouti,2007,100.0
Djibouti,2008,100.0
Namibia,2010,88.2352905273438
Cape Verde,2011,100.0
Djibouti,2011,100.0
Senegal,2011,48.2293395996094
Botswana,2012,100.0
Burundi,2012,100.0
Ethiopia,2012,100.0
Ghana,2012,79.6296310424805
Mauritania,2012,100.0
Morocco,2012,100.0
Namibia,2012,90.6976699829102
Guinea,2013,63.6942710876465
Morocco,2013,100.0
Niger,2013,35.7575798034668
Togo,2013,26.1538505554199
Djibouti,2014,100.0
Togo,2014,50.3370780944824
