country,year,value
Chad,2004,46.4
Benin,2005,50.3
Cameroon,2005,9.5
Madagascar,2005,24.1
Gabon,2006,5.36441
Burkina Faso,2007,32.31272
Senegal,2007,25.7303
Burundi,2009,15.5683
Comoros,2009,35.24304
Congo,2009,38.57014
Cote d'Ivoire,2009,32.97276
Chad,2010,38.6199
Democratic Republic of Congo,2010,28.51383
Togo,2010,43.58729
