country,year,value
Argentina,2006,14.09537
Colombia,2006,17.77787
Cuba,2006,29.91677
Dominican Republic,2006,1.81834
El Salvador,2006,10.02918
Panama,2006,8.96537
Paraguay,2006,7.64848
Peru,2006,7.77354
Uruguay,2006,24.71531
