country,year,value
Malawi,2010,0.827184508657369
Malawi,2011,0.467928015661086
Malawi,2012,1.85883093534188
