country,year,value
Chad,2004,31.7
Benin,2005,30.2
Cameroon,2005,63.5
Madagascar,2005,80.8
Gabon,2006,70.40998
Burkina Faso,2007,52.66923
Senegal,2007,62.06576
Burundi,2009,66.37636
Comoros,2009,41.83425
Congo,2009,43.55275
Cote d'Ivoire,2009,25.39514
Chad,2010,42.43142
Democratic Republic of Congo,2010,64.38459
Togo,2010,42.7263
