country,year,value
Argentina,2006,0.96692
Brazil,2006,1.23863
Chile,2006,0.95598
Colombia,2006,0.9005
Costa Rica,2006,0.0
Cuba,2006,0.09955
Dominican Republic,2006,5.32008
Ecuador,2006,3.6113
El Salvador,2006,1.88299
Guatemala,2006,2.62365
Mexico,2006,0.40437
Nicaragua,2006,2.55193
Panama,2006,2.50377
Paraguay,2006,3.80388
Peru,2006,2.31801
Uruguay,2006,0.72481
