country,year,value
Argentina,2006,37.93599
Colombia,2006,34.63808
Cuba,2006,8.2027
Dominican Republic,2006,63.55544
El Salvador,2006,47.53913
Panama,2006,43.59383
Paraguay,2006,47.06868
Peru,2006,49.55641
Uruguay,2006,21.14506
