country,year,value
Guyana,2008,46.9477657021056
Tanzania,2014,8.192304
Zambia,2014,15.85184
