country,year,value
Argentina,2006,10.92148
Brazil,2006,12.75505
Chile,2006,16.55599
Colombia,2006,8.33121
Costa Rica,2006,15.2939
Cuba,2006,53.68706
Dominican Republic,2006,0.19704
Ecuador,2006,3.38444
El Salvador,2006,4.40988
Guatemala,2006,2.51719
Mexico,2006,16.98227
Nicaragua,2006,2.42381
Panama,2006,2.91584
Paraguay,2006,9.24613
Peru,2006,5.92362
Uruguay,2006,19.82623
