country,year,value
Chad,2010,11.9634199142456
Mali,2010,4.41571998596191
Niger,2010,7.71084022521973
Zambia,2010,11.8482303619385
Chad,2011,4.66450977325439
Mali,2011,4.15598011016846
Zambia,2012,11.3670902252197
Benin,2013,3.12529993057251
Mali,2013,13.2204904556274
Morocco,2013,2.84582996368408
Niger,2013,4.27491998672485
Burundi,2014,7.00300979614258
Niger,2014,1.3625500202179
Djibouti,2015,100.0
