country,year,value
Chad,2004,31.0
Benin,2005,33.2
Cameroon,2005,63.0
Madagascar,2005,81.4
Gabon,2006,73.37898
Burkina Faso,2007,57.60029
Senegal,2007,65.74793
Burundi,2009,68.7853
Comoros,2009,53.47741
Congo,2009,43.38403
Cote d'Ivoire,2009,27.13794
Chad,2010,45.56865
Democratic Republic of Congo,2010,65.54581
Togo,2010,44.21843
