country,year,value
Argentina,2006,11.28189
Brazil,2006,7.46944
Chile,2006,11.71745
Colombia,2006,3.75747
Costa Rica,2006,15.87984
Cuba,2006,52.44339
Dominican Republic,2006,0.11553
Ecuador,2006,4.16438
El Salvador,2006,2.956
Guatemala,2006,1.54407
Mexico,2006,20.63038
Nicaragua,2006,1.34568
Panama,2006,2.12408
Paraguay,2006,4.80603
Peru,2006,7.32129
Uruguay,2006,32.52857
