country,year,value
Argentina,2006,36.65137
Brazil,2006,30.86907
Chile,2006,37.49242
Colombia,2006,30.66064
Costa Rica,2006,41.97059
Cuba,2006,26.32916
Dominican Republic,2006,6.19102
Ecuador,2006,21.78371
El Salvador,2006,21.74519
Guatemala,2006,18.24516
Mexico,2006,39.94956
Nicaragua,2006,17.56187
Panama,2006,19.02196
Paraguay,2006,23.52154
Peru,2006,26.72861
Uruguay,2006,40.86091
