country,year,value
Guyana,2008,25.8633074766466
Rwanda,2011,83.3643701275515
