country,year,value
Argentina,2006,10.95475
Brazil,2006,13.43331
Chile,2006,10.13662
Colombia,2006,11.04118
Costa Rica,2006,3.74669
Cuba,2006,4.82971
Dominican Republic,2006,42.45887
Ecuador,2006,24.57614
El Salvador,2006,17.66503
Guatemala,2006,23.02439
Mexico,2006,8.17001
Nicaragua,2006,22.48625
Panama,2006,27.07808
Paraguay,2006,22.21221
Peru,2006,17.64685
Uruguay,2006,4.38131
