country,year,value
Guyana,2008,2.30217078045075
Ghana,2013,3.026149
