country,year,value
Argentina,2006,36.7677
Brazil,2006,35.19037
Chile,2006,29.66357
Colombia,2006,37.76429
Costa Rica,2006,23.75368
Cuba,2006,21.26828
Dominican Republic,2006,34.93575
Ecuador,2006,39.6368
El Salvador,2006,43.51856
Guatemala,2006,42.75563
Mexico,2006,35.35132
Nicaragua,2006,50.52452
Panama,2006,39.03154
Paraguay,2006,35.50019
Peru,2006,40.56479
Uruguay,2006,33.21216
