country,year,value
Djibouti,2007,100.0
Djibouti,2008,100.0
Namibia,2010,85.0
Cape Verde,2011,100.0
Djibouti,2011,100.0
Senegal,2011,51.3698616027832
Botswana,2012,100.0
Burundi,2012,100.0
Ethiopia,2012,100.0
Ghana,2012,83.75
Mauritania,2012,100.0
Namibia,2012,90.9909896850586
Guinea,2013,35.7142906188965
Morocco,2013,100.0
Niger,2013,41.9354782104492
Togo,2013,14.2857103347778
Djibouti,2014,100.0
Togo,2014,42.2222213745117
