country,year,value
Chad,2010,4.11765003204346
Niger,2010,23.1270408630371
Chad,2011,0.1754399985075
Benin,2013,27.6045398712158
Morocco,2013,6.00293016433716
Burundi,2014,19.5674591064453
Djibouti,2015,78.8194427490234
