country,year,value
Argentina,2006,0.75072
Colombia,2006,0.64781
Cuba,2006,34.97907
Dominican Republic,2006,0.05638
El Salvador,2006,0.53467
Panama,2006,0.42176
Paraguay,2006,0.83096
Peru,2006,0.21714
Uruguay,2006,2.57635
