country,year,value
Guyana,2008,22.702680135897
Philippines,2013,1.24722585428976
Philippines,2014,1.25
