country,year,value
Gabon,2006,33.3333320617675
Burkina Faso,2007,15.151515007019
Senegal,2007,18.1818180084228
Burundi,2009,21.2121219635009
Comoros,2009,9.09090900421142
Congo,2009,12.1212120056152
Cote d'Ivoire,2009,15.151515007019
Chad,2010,12.1212120056152
Democratic Republic of Congo,2010,15.151515007019
Togo,2010,12.1212120056152
