country,year,value
Argentina,2006,9.73896
Brazil,2006,9.16583
Chile,2006,5.08191
Colombia,2006,8.78544
Costa Rica,2006,2.3898
Cuba,2006,1.06584
Dominican Republic,2006,33.77394
Ecuador,2006,14.86645
El Salvador,2006,10.92132
Guatemala,2006,17.41134
Mexico,2006,4.89706
Nicaragua,2006,13.42218
Panama,2006,14.29317
Paraguay,2006,15.24734
Peru,2006,15.34748
Uruguay,2006,4.86068
