country,year,value
Guyana,2008,20.9974437017445
Philippines,2013,44.9991873306629
Philippines,2014,45.0
