country,year,value
Djibouti,2009,18.9189205169678
Cape Verde,2011,4.07894992828369
Mali,2011,10.8276300430298
Cape Verde,2012,7.21393013000488
Djibouti,2012,13.725489616394
