country,year,value
Malawi,2010,11.3068468527902
Malawi,2011,14.8729622878019
Malawi,2012,15.148239702156
