country,year,value
Albania,2005,99.3190164402585
Kazakhstan,2005,97.5172598911986
Montenegro,2005,100.0
Tajikistan,2005,85.7701230177291
Thailand,2005,99.9598881450094
Bosnia and Herzegovina,2006,100.0
Suriname,2010,57.8835293759964
Bosnia and Herzegovina,2011,100.0
Chad,2011,29.4035095451727
Sierra Leone,2011,65.2603063972132
Malawi,2014,84.457245388471
