country,year,value
Jordan,2012,19.6803715341576
Egypt,2013,21.5939290039763
Jordan,2014,4.09
