country,year,value
Malawi,2010,7.7461395284718
Malawi,2011,8.47819945755413
Malawi,2012,11.3697008141929
