country,year,value
Chad,2004,36.3
Benin,2005,35.0
Cameroon,2005,10.3
Madagascar,2005,6.5
Gabon,2006,7.40298
Burkina Faso,2007,18.04336
Senegal,2007,15.4154
Burundi,2009,17.44527
Comoros,2009,24.41212
Congo,2009,29.38235
Cote d'Ivoire,2009,43.44092
Chad,2010,32.21481
Democratic Republic of Congo,2010,13.56225
Togo,2010,29.32749
