country,year,value
Argentina,2006,42.71584
Colombia,2006,50.18237
Cuba,2006,26.04365
Dominican Republic,2006,22.32756
El Salvador,2006,43.28437
Panama,2006,38.34291
Paraguay,2006,37.62302
Peru,2006,42.0903
Uruguay,2006,47.0091
