country,year,value
Chad,2010,3.79747009277344
Mali,2010,19.7636909484863
Niger,2010,13.1526803970337
Zambia,2010,10.6563196182251
Chad,2011,7.11382007598877
Mali,2011,19.7341499328613
Zambia,2012,11.2229604721069
Benin,2013,4.10855007171631
Mali,2013,7.82175016403198
Morocco,2013,3.49617004394531
Niger,2013,4.3390097618103
Burundi,2014,3.05460000038147
Niger,2014,1.48546004295349
Djibouti,2015,100.0
