country,year,value
Argentina,2006,10.24289
Brazil,2006,7.80524
Chile,2006,18.00069
Colombia,2006,8.55619
Costa Rica,2006,18.0102
Cuba,2006,46.02805
Dominican Republic,2006,0.69113
Ecuador,2006,2.59692
El Salvador,2006,5.63173
Guatemala,2006,1.67123
Mexico,2006,13.34978
Nicaragua,2006,1.61315
Panama,2006,4.39829
Paraguay,2006,6.28734
Peru,2006,3.3111
Uruguay,2006,11.84437
