country,year,value
Argentina,2006,17.40483
Brazil,2006,20.77788
Chile,2006,28.8938
Colombia,2006,18.9419
Costa Rica,2006,35.25991
Cuba,2006,48.06618
Dominican Republic,2006,1.2418
Ecuador,2006,5.64329
El Salvador,2006,9.41581
Guatemala,2006,5.04797
Mexico,2006,22.27154
Nicaragua,2006,6.15088
Panama,2006,8.14048
Paraguay,2006,6.51851
Peru,2006,9.86143
Uruguay,2006,25.85431
