country,year,value
Argentina,2006,1.82317
Brazil,2006,0.81281
Chile,2006,0.46316
Colombia,2006,0.40916
Costa Rica,2006,0.27881
Cuba,2006,0.38732
Dominican Republic,2006,4.41527
Ecuador,2006,4.55229
El Salvador,2006,0.95569
Guatemala,2006,2.51792
Mexico,2006,0.22743
Nicaragua,2006,1.15823
Panama,2006,2.09076
Paraguay,2006,4.54249
Peru,2006,2.27037
Uruguay,2006,0.48826
