country,year,value
Argentina,2006,34.51223
Brazil,2006,33.93667
Chile,2006,30.11884
Colombia,2006,38.73882
Costa Rica,2006,23.89569
Cuba,2006,17.7275
Dominican Republic,2006,40.75304
Ecuador,2006,39.19763
El Salvador,2006,44.43509
Guatemala,2006,44.17312
Mexico,2006,31.67806
Nicaragua,2006,50.7139
Panama,2006,38.80458
Paraguay,2006,38.36589
Peru,2006,42.72203
Uruguay,2006,28.63028
