country,year,value
Chad,2004,46.6
Benin,2005,42.6
Cameroon,2005,9.9
Madagascar,2005,27.0
Gabon,2006,4.54978
Burkina Faso,2007,26.60692
Senegal,2007,21.31818
Burundi,2009,17.44527
Comoros,2009,35.21822
Congo,2009,36.74559
Cote d'Ivoire,2009,32.96058
Chad,2010,35.58781
Democratic Republic of Congo,2010,24.38833
Togo,2010,40.30673
