country,year,value
Gabon,2006,48.4848480224609
Burkina Faso,2007,24.2424240112304
Senegal,2007,27.2727279663085
Burundi,2009,30.303030014038
Comoros,2009,18.1818180084228
Congo,2009,21.2121219635009
Cote d'Ivoire,2009,21.2121219635009
Chad,2010,21.2121219635009
Democratic Republic of Congo,2010,24.2424240112304
Togo,2010,18.1818180084228
