country,year,value
Argentina,2006,5.23893
Colombia,2006,2.22064
Cuba,2006,0.22638
Dominican Republic,2006,14.49106
El Salvador,2006,4.1388
Panama,2006,6.31675
Paraguay,2006,8.26728
Peru,2006,5.23337
Uruguay,2006,1.22821
