country,year,value
Malawi,2010,0.502649511155341
Malawi,2011,0.275023616044491
Malawi,2012,1.20742927027331
