country,year,value
Malawi,2010,97.6949607657331
Malawi,2011,98.3736913443822
Malawi,2012,94.3900893872378
