country,year,value
Jordan,2012,21.9066433710788
Egypt,2013,35.3338415957679
Jordan,2014,16.11
