country,year,value
Albania,2005,98.5010717452009
Kazakhstan,2005,98.7868788753495
Montenegro,2005,100.0
Sierra Leone,2005,38.4958816397743
Tajikistan,2005,88.0234502332106
Thailand,2005,99.984984326477
Bosnia and Herzegovina,2006,99.7778926722958
Suriname,2010,52.7428656863158
Bosnia and Herzegovina,2011,99.8386257467131
Chad,2011,28.5200560440035
Sierra Leone,2011,60.3959577490518
Malawi,2014,85.0678994157375
