country,year,value
Malawi,2010,18.3113352302922
Malawi,2011,4.75019777112076
Malawi,2012,30.6684365108106
