country,year,value
Gabon,2006,27.2727279663085
Burkina Faso,2007,12.1212120056152
Senegal,2007,12.1212120056152
Burundi,2009,15.151515007019
Comoros,2009,0.0
Congo,2009,9.09090900421142
Cote d'Ivoire,2009,9.09090900421142
Chad,2010,9.09090900421142
Democratic Republic of Congo,2010,9.09090900421142
Togo,2010,9.09090900421142
