country,year,value
Gabon,2006,87.8787841796875
Burkina Faso,2007,75.7575759887695
Senegal,2007,75.7575759887695
Burundi,2009,66.6666641235351
Comoros,2009,72.7272720336914
Congo,2009,78.7878799438476
Cote d'Ivoire,2009,75.7575759887695
Chad,2010,84.8484878540039
Democratic Republic of Congo,2010,81.8181838989257
Togo,2010,66.6666641235351
