country,year,value
Gabon,2006,72.7272720336914
Burkina Faso,2007,48.4848480224609
Senegal,2007,51.515151977539
Burundi,2009,51.515151977539
Comoros,2009,39.3939399719238
Congo,2009,51.515151977539
Cote d'Ivoire,2009,51.515151977539
Chad,2010,51.515151977539
Democratic Republic of Congo,2010,57.575756072998
Togo,2010,42.4242439270019
