country,year,value
Djibouti,2009,13.5472402572632
Cape Verde,2011,2.32323002815247
Mali,2011,11.0580596923828
Cape Verde,2012,1.95694994926453
Djibouti,2012,9.10569000244141
