country,year,value
Argentina,2006,16.57098
Brazil,2006,11.79604
Chile,2006,6.62331
Colombia,2006,13.49006
Costa Rica,2006,4.77105
Cuba,2006,4.18507
Dominican Republic,2006,43.78665
Ecuador,2006,32.71896
El Salvador,2006,21.51469
Guatemala,2006,31.89674
Mexico,2006,10.68616
Nicaragua,2006,21.81027
Panama,2006,26.03734
Paraguay,2006,31.21751
Peru,2006,24.16677
Uruguay,2006,7.65445
