country,year,value
Argentina,2006,36.84963
Brazil,2006,32.56845
Chile,2006,37.56355
Colombia,2006,35.13511
Costa Rica,2006,44.28155
Cuba,2006,26.3475
Dominican Republic,2006,8.18841
Ecuador,2006,21.15218
El Salvador,2006,26.10777
Guatemala,2006,21.1672
Mexico,2006,38.39494
Nicaragua,2006,21.61664
Panama,2006,16.69664
Paraguay,2006,25.19532
Peru,2006,31.42384
Uruguay,2006,40.19095
