country,year,value
Djibouti,2008,10.338680267334
Djibouti,2009,11.0091695785522
Cape Verde,2011,5.38159990310669
Djibouti,2011,15.6097602844238
Mali,2011,20.2568302154541
Cape Verde,2012,4.75285005569458
Djibouti,2012,11.8296499252319
Ghana,2012,2.96105003356934
Niger,2012,11.3658304214478
Comoros,2013,4.71203994750977
Morocco,2013,3.93090009689331
Niger,2013,23.655740737915
