country,year,value
Argentina,2006,38.64803
Brazil,2006,45.82627
Chile,2006,40.27116
Colombia,2006,49.45547
Costa Rica,2006,36.72807
Cuba,2006,17.13323
Dominican Republic,2006,47.84147
Ecuador,2006,45.21014
El Salvador,2006,52.87004
Guatemala,2006,51.20632
Mexico,2006,30.51935
Nicaragua,2006,53.58301
Panama,2006,49.10629
Paraguay,2006,48.36161
Peru,2006,42.41623
Uruguay,2006,22.30004
