country,year,value
Argentina,2006,39.4159
Brazil,2006,41.92418
Chile,2006,34.57863
Colombia,2006,43.25704
Costa Rica,2006,33.6964
Cuba,2006,20.15317
Dominican Republic,2006,20.9351
Ecuador,2006,34.30789
El Salvador,2006,40.86716
Guatemala,2006,33.60932
Mexico,2006,36.66355
Nicaragua,2006,43.38831
Panama,2006,36.79044
Paraguay,2006,33.32687
Peru,2006,37.54976
Uruguay,2006,39.92824
