country,year,value
Malawi,2010,0.832314219282
Malawi,2011,0.379179259341629
Malawi,2012,1.27034960672611
