country,year,value
Djibouti,2009,14.8793601989746
Cape Verde,2011,3.08571004867554
Mali,2011,11.0184898376465
Cape Verde,2012,4.27162981033325
Djibouti,2012,10.4597702026367
Ghana,2012,3.2921199798584
Niger,2013,5.56780004501343
