country,year,value
Argentina,2006,18.79107
Brazil,2006,21.25457
Chile,2006,9.34757
Colombia,2006,22.1682
Costa Rica,2006,9.62817
Cuba,2006,4.9152
Dominican Republic,2006,45.54931
Ecuador,2006,36.1297
El Salvador,2006,27.71384
Guatemala,2006,41.95199
Mexico,2006,16.99964
Nicaragua,2006,37.50886
Panama,2006,34.43058
Paraguay,2006,35.6097
Peru,2006,35.69434
Uruguay,2006,17.17477
