country,year,value
Chad,2004,31.9
Benin,2005,32.2
Cameroon,2005,52.6
Madagascar,2005,35.9
Gabon,2006,60.02422
Burkina Faso,2007,39.45733
Senegal,2007,41.74779
Burundi,2009,42.01181
Comoros,2009,34.6091
Congo,2009,37.14107
Cote d'Ivoire,2009,36.71878
Chad,2010,43.77116
Democratic Republic of Congo,2010,44.17105
Togo,2010,32.96818
