country,year,value
Argentina,2006,1.87363
Brazil,2006,1.62638
Chile,2006,1.27637
Colombia,2006,1.15561
Costa Rica,2006,0.14544
Cuba,2006,0.24994
Dominican Republic,2006,5.40251
Ecuador,2006,4.39251
El Salvador,2006,1.82039
Guatemala,2006,2.87444
Mexico,2006,0.62427
Nicaragua,2006,1.89218
Panama,2006,4.00876
Paraguay,2006,3.3898
Peru,2006,2.13297
Uruguay,2006,0.4395
