country,year,value
Djibouti,2008,10.7238597869873
Djibouti,2009,13.1326904296875
Chad,2010,3.94351005554199
Cape Verde,2011,7.11939001083374
Djibouti,2011,15.9770097732544
Ghana,2011,3.44859004020691
Mali,2011,19.3763904571533
Cape Verde,2012,6.1728401184082
Djibouti,2012,11.5777502059937
Ghana,2012,5.2514500617981
Niger,2012,11.3118801116943
Comoros,2013,4.97100019454956
Morocco,2013,4.17039012908936
Niger,2013,23.0732402801514
