country,year,value
Guyana,2008,15.0246413389128
Rwanda,2011,75.0952344813683
