country,year,value
Albania,2005,100.0
Kazakhstan,2005,98.5502844680853
Montenegro,2005,100.0
Tajikistan,2005,90.1795694355435
Thailand,2005,100.0
Bosnia and Herzegovina,2006,99.3350898100825
Suriname,2010,56.7804553492819
Bosnia and Herzegovina,2011,100.0
Chad,2011,16.4875082276084
Sierra Leone,2011,64.083857627081
Malawi,2014,82.4266516983314
