country,year,value
Jordan,2012,8.1691329667989
Egypt,2013,13.2875557340156
Jordan,2014,2.16
