country,year,value
Malawi,2010,0.17588471427126
Malawi,2011,1.971849009507
Malawi,2012,6.10527784288906
