country,year,value
Jordan,2012,23.7050750201604
Egypt,2013,21.9464109327036
Jordan,2014,36.89
