country,year,value
Argentina,2006,13.98066
Brazil,2006,10.17366
Chile,2006,15.41683
Colombia,2006,7.27773
Costa Rica,2006,22.72443
Cuba,2006,49.90389
Dominican Republic,2006,0.42635
Ecuador,2006,4.66642
El Salvador,2006,4.02038
Guatemala,2006,2.3908
Mexico,2006,18.63415
Nicaragua,2006,2.24501
Panama,2006,2.55347
Paraguay,2006,4.88152
Peru,2006,11.49919
Uruguay,2006,33.69297
