country,year,value
Argentina,2006,24.06877
Brazil,2006,28.34436
Chile,2006,10.24544
Colombia,2006,24.52157
Costa Rica,2006,10.90891
Cuba,2006,7.93936
Dominican Republic,2006,48.06857
Ecuador,2006,38.98344
El Salvador,2006,30.22682
Guatemala,2006,43.93758
Mexico,2006,20.91245
Nicaragua,2006,36.26924
Panama,2006,39.79695
Paraguay,2006,38.45497
Peru,2006,36.57847
Uruguay,2006,21.43182
