country,year,value
Argentina,2006,10.1079
Brazil,2006,11.45118
Chile,2006,11.45621
Colombia,2006,5.07916
Costa Rica,2006,11.92956
Cuba,2006,55.14886
Dominican Republic,2006,0.02511
Ecuador,2006,4.92417
El Salvador,2006,2.84069
Guatemala,2006,1.66707
Mexico,2006,14.51997
Nicaragua,2006,1.55261
Panama,2006,2.63739
Paraguay,2006,8.80148
Peru,2006,3.70499
Uruguay,2006,18.27543
