country,year,value
Chad,2004,31.7
Benin,2005,31.6
Cameroon,2005,53.4
Madagascar,2005,36.9
Gabon,2006,60.14431
Burkina Faso,2007,37.82375
Senegal,2007,40.66195
Burundi,2009,41.71014
Comoros,2009,31.48953
Congo,2009,37.157
Cote d'Ivoire,2009,37.42469
Chad,2010,37.54488
Democratic Republic of Congo,2010,42.45451
Togo,2010,32.26158
