country,year,value
Chad,2004,33.9
Benin,2005,32.5
Cameroon,2005,46.8
Madagascar,2005,52.6
Gabon,2006,48.20586
Burkina Faso,2007,41.7047
Senegal,2007,45.68985
Burundi,2009,47.47882
Comoros,2009,36.0216
Congo,2009,38.82735
Cote d'Ivoire,2009,29.76083
Chad,2010,36.65625
Democratic Republic of Congo,2010,48.16263
Togo,2010,36.40842
