country,year,value
Chad,2004,25.4
Benin,2005,24.8
Cameroon,2005,69.4
Madagascar,2005,35.2
Gabon,2006,84.04292
Burkina Faso,2007,38.20556
Senegal,2007,45.61562
Burundi,2009,53.41999
Comoros,2009,24.15002
Congo,2009,37.38125
Cote d'Ivoire,2009,38.20622
Chad,2010,37.19599
Democratic Republic of Congo,2010,48.01214
Togo,2010,26.61551
