country,year,value
Chad,2004,46.5
Benin,2005,45.6
Cameroon,2005,9.7
Madagascar,2005,25.4
Gabon,2006,4.96936
Burkina Faso,2007,30.26934
Senegal,2007,23.39787
Burundi,2009,16.54086
Comoros,2009,40.12766
Congo,2009,37.6303
Cote d'Ivoire,2009,32.96619
Chad,2010,36.77214
Democratic Republic of Congo,2010,26.23753
Togo,2010,41.7305
