country,year,value
Guyana,2008,11.4636697567656
Philippines,2013,17.4180926308902
Philippines,2014,17.42
