country,year,value
Guyana,2008,7.23450335553323
Philippines,2013,26.4162238575235
Philippines,2014,26.42
