country,year,value
Argentina,2006,32.81679
Brazil,2006,36.08161
Chile,2006,28.99967
Colombia,2006,39.6247
Costa Rica,2006,26.57958
Cuba,2006,8.93109
Dominican Republic,2006,55.12135
Ecuador,2006,44.53269
El Salvador,2006,47.10318
Guatemala,2006,51.31637
Mexico,2006,27.86845
Nicaragua,2006,50.90605
Panama,2006,49.63889
Paraguay,2006,37.87341
Peru,2006,47.01325
Uruguay,2006,26.07889
