country,year,value
Guyana,2008,8.22807109286999
Tanzania,2014,5.604033
