country,year,value
Sint Maarten (Dutch part),2012,98.01587
Albania,2013,93.15325
Andorra,2013,100.0
Bahrain,2013,97.06544
Bangladesh,2013,98.19386
Belize,2013,39.79206
Botswana,2013,96.50523
Burkina Faso,2013,59.86942
Burundi,2013,68.1566
Cameroon,2013,45.64245
Colombia,2013,96.89606
Dominican Republic,2013,76.25657
Eritrea,2013,83.21157
Grenada,2013,40.61196
Iran,2013,95.2693
Laos,2013,76.34388
Macao,2013,100.0
Malaysia,2013,100.0
Mozambique,2013,76.38278
Niger,2013,100.0
Panama,2013,100.0
Peru,2013,86.07114
Philippines,2013,100.0
Puerto Rico,2013,100.0
Qatar,2013,100.0
Saudi Arabia,2013,100.0
Serbia,2013,100.0
Sierra Leone,2013,57.27867
Saint Kitts and Nevis,2013,65.54404
Saint Vincent and the Grenadines,2013,24.50425
Eswatini,2013,75.57761
Tonga,2013,96.50538
Ukraine,2013,75.67969
United Arab Emirates,2013,100.0
Palestine,2013,25.26994
Zimbabwe,2013,49.22391
Albania,2014,94.22664
Andorra,2014,100.0
Antigua and Barbuda,2014,52.81899
Bahrain,2014,97.42832
Belarus,2014,98.24376
Belize,2014,49.78602
Benin,2014,59.07628
Bermuda,2014,100.0
Brunei,2014,86.52734
Burkina Faso,2014,46.911
Burundi,2014,72.35373
Cape Verde,2014,70.65451
Cameroon,2014,53.64426
Colombia,2014,98.17571
Democratic Republic of Congo,2014,100.0
Cote d'Ivoire,2014,100.0
Cuba,2014,78.86378
Djibouti,2014,100.0
Dominica,2014,46.31783
Dominican Republic,2014,75.07689
Egypt,2014,85.1528
Gambia,2014,91.64878
Ghana,2014,69.85355
Grenada,2014,32.73196
Iran,2014,95.22988
Jamaica,2014,83.8232
Laos,2014,79.2234
Macao,2014,100.0
Madagascar,2014,90.89474
Malaysia,2014,99.89675
Mongolia,2014,98.09642
Nauru,2014,88.88889
Nepal,2014,78.05023
Niger,2014,100.0
Peru,2014,85.13373
Qatar,2014,100.0
Sao Tome and Principe,2014,11.60151
Saudi Arabia,2014,100.0
Serbia,2014,100.0
Seychelles,2014,92.0
Sint Maarten (Dutch part),2014,93.29609
Saint Kitts and Nevis,2014,100.0
Saint Vincent and the Grenadines,2014,37.01493
Tonga,2014,84.80243
Ukraine,2014,98.19424
United Arab Emirates,2014,100.0
Palestine,2014,27.68294
Djibouti,2015,100.0
Ghana,2015,73.25243
Kazakhstan,2015,100.0
Sao Tome and Principe,2015,25.79737
Turks and Caicos Islands,2015,97.61905
