country,year,value
Argentina,2006,5.41466
Brazil,2006,4.9174
Chile,2006,1.265
Colombia,2006,4.32869
Costa Rica,2006,1.16595
Cuba,2006,0.5759
Dominican Republic,2006,28.22755
Ecuador,2006,14.04638
El Salvador,2006,5.83328
Guatemala,2006,14.23041
Mexico,2006,2.84435
Nicaragua,2006,6.62338
Panama,2006,10.10169
Paraguay,2006,9.74163
Peru,2006,8.73023
Uruguay,2006,2.94202
