country,year,value
Argentina,2006,44.70134
Colombia,2006,52.18723
Cuba,2006,25.79481
Dominican Republic,2006,21.10786
El Salvador,2006,41.99141
Panama,2006,42.21786
Paraguay,2006,38.61705
Peru,2006,37.19552
Uruguay,2006,50.2521
