country,year,value
Chad,2004,34.4
Benin,2005,33.9
Cameroon,2005,46.7
Madagascar,2005,53.4
Gabon,2006,49.32763
Burkina Faso,2007,43.74147
Senegal,2007,47.40062
Burundi,2009,49.56844
Comoros,2009,42.62181
Congo,2009,38.92142
Cote d'Ivoire,2009,30.36142
Chad,2010,37.54799
Democratic Republic of Congo,2010,48.81508
Togo,2010,37.26405
