country,year,value
Malawi,2010,73.5553297166733
Malawi,2011,54.1794872898024
Malawi,2012,50.5301215675181
