country,year,value
Albania,2005,99.2028684069618
Kazakhstan,2005,98.8488340926051
Montenegro,2005,100.0
Sierra Leone,2005,39.4194625501731
Tajikistan,2005,88.3764864766792
Thailand,2005,99.9920411686748
Bosnia and Herzegovina,2006,99.7694023336605
Suriname,2010,50.4896193456409
Bosnia and Herzegovina,2011,99.9122290033519
Chad,2011,27.3227640499395
Sierra Leone,2011,59.6882281788994
Malawi,2014,84.2885741968761
