country,year,value
Mozambique,2010,1.58577001094818
Namibia,2010,1.01493000984192
Tanzania,2010,2.36346006393433
Uganda,2010,1.42875003814697
Mozambique,2011,1.93317997455597
Eswatini,2011,1.0
Uganda,2011,1.59342002868652
Zambia,2011,1.97880005836487
Mozambique,2012,1.96352005004883
Namibia,2012,0.627170026302338
Eswatini,2012,1.0
Tanzania,2012,2.25091004371643
Zambia,2012,1.57140004634857
Tanzania,2013,2.39184999465942
