country,year,value
Chad,2004,33.1
Benin,2005,30.3
Cameroon,2005,47.0
Madagascar,2005,52.0
Gabon,2006,47.14968
Burkina Faso,2007,40.19293
Senegal,2007,43.77116
Burundi,2009,45.23173
Comoros,2009,36.38771
Congo,2009,38.72743
Cote d'Ivoire,2009,29.05613
Chad,2010,35.265
Democratic Republic of Congo,2010,47.35531
Togo,2010,35.29257
