country,year,value
Malawi,2010,2.25601122317912
Malawi,2011,3.06265758746767
Malawi,2012,5.73138183795761
