country,year,value
Chad,2004,27.1
Benin,2005,23.3
Cameroon,2005,68.8
Madagascar,2005,37.5
Gabon,2006,83.20797
Burkina Faso,2007,36.12755
Senegal,2007,41.78889
Burundi,2009,52.57664
Comoros,2009,25.56768
Congo,2009,37.45108
Cote d'Ivoire,2009,39.86681
Chad,2010,35.81083
Democratic Republic of Congo,2010,45.00146
Togo,2010,25.19443
