country,year,value
Malawi,2010,78.2772655898223
Malawi,2011,85.8254756921223
Malawi,2012,86.5927309247475
