country,year,value
Argentina,2006,29.67807
Brazil,2006,25.45026
Chile,2006,31.67913
Colombia,2006,32.76008
Costa Rica,2006,36.43043
Cuba,2006,16.96742
Dominican Republic,2006,7.77413
Ecuador,2006,28.55205
El Salvador,2006,32.53089
Guatemala,2006,25.96064
Mexico,2006,30.96203
Nicaragua,2006,34.87943
Panama,2006,24.84032
Paraguay,2006,25.14518
Peru,2006,25.44701
Uruguay,2006,28.57612
