country,year,value
Argentina,2006,40.04136
Brazil,2006,38.3131
Chile,2006,34.48105
Colombia,2006,40.60511
Costa Rica,2006,34.41393
Cuba,2006,21.90686
Dominican Republic,2006,17.35699
Ecuador,2006,33.83382
El Salvador,2006,41.14726
Guatemala,2006,30.98362
Mexico,2006,37.58072
Nicaragua,2006,43.59871
Panama,2006,33.9967
Paraguay,2006,31.94618
Peru,2006,34.28141
Uruguay,2006,38.16931
