country,year,value
Guyana,2008,15.2696624772815
Ghana,2013,9.183657
Tanzania,2014,9.360192
