country,year,value
Chad,2004,38.4
Benin,2005,45.8
Cameroon,2005,9.4
Madagascar,2005,6.2
Gabon,2006,10.28909
Burkina Faso,2007,23.64786
Senegal,2007,19.40645
Burundi,2009,17.39486
Comoros,2009,31.94318
Congo,2009,30.62043
Cote d'Ivoire,2009,45.79828
Chad,2010,37.78868
Democratic Republic of Congo,2010,16.4216
Togo,2010,30.1879
