country,year,value
Malawi,2010,2.93434875679598
Malawi,2011,0.839194517287579
Malawi,2012,9.24693310882266
