country,year,value
Argentina,2006,4.7655
Colombia,2006,2.8966
Cuba,2006,0.2874
Dominican Republic,2006,14.21201
El Salvador,2006,3.43546
Panama,2006,5.85856
Paraguay,2006,6.0412
Peru,2006,8.00612
Uruguay,2006,2.03859
