country,year,value
Albania,2005,98.9555435573055
Kazakhstan,2005,99.4925187688621
Montenegro,2005,100.0
Sierra Leone,2005,27.1955348462906
Tajikistan,2005,85.5212257048987
Thailand,2005,100.0
Bosnia and Herzegovina,2006,99.8329332058976
Suriname,2010,47.710060154642
Bosnia and Herzegovina,2011,99.8642448728369
Chad,2011,29.2426942406607
Sierra Leone,2011,60.7350224235068
Malawi,2014,84.5133032570217
