country,year,value
Argentina,2006,22.17671
Brazil,2006,19.26904
Chile,2006,35.49809
Colombia,2006,20.97719
Costa Rica,2006,34.68127
Cuba,2006,26.90754
Dominican Republic,2006,2.64478
Ecuador,2006,10.48225
El Salvador,2006,18.52566
Guatemala,2006,8.80714
Mexico,2006,26.08256
Nicaragua,2006,10.81816
Panama,2006,10.85642
Paraguay,2006,11.91501
Peru,2006,15.69087
Uruguay,2006,23.2372
