country,year,value
Argentina,2006,1.73692
Colombia,2006,1.31469
Cuba,2006,34.49232
Dominican Republic,2006,0.0
El Salvador,2006,0.90553
Panama,2006,1.12351
Paraguay,2006,1.33429
Peru,2006,0.45741
Uruguay,2006,3.77636
