country,year,value
Argentina,2006,32.85725
Brazil,2006,28.24557
Chile,2006,35.69765
Colombia,2006,33.73547
Costa Rica,2006,37.65991
Cuba,2006,16.97541
Dominican Republic,2006,10.35593
Ecuador,2006,27.6088
El Salvador,2006,31.01753
Guatemala,2006,24.46803
Mexico,2006,30.87931
Nicaragua,2006,27.43828
Panama,2006,26.07217
Paraguay,2006,26.42085
Peru,2006,26.55233
Uruguay,2006,31.55192
