country,year,value
Argentina,2006,21.10834
Brazil,2006,24.33501
Chile,2006,30.05434
Colombia,2006,16.7691
Costa Rica,2006,33.34693
Cuba,2006,53.49003
Dominican Republic,2006,1.7144
Ecuador,2006,5.53624
El Salvador,2006,9.66733
Guatemala,2006,4.9817
Mexico,2006,26.60165
Nicaragua,2006,4.37417
Panama,2006,11.10057
Paraguay,2006,7.92778
Peru,2006,9.04464
Uruguay,2006,32.96683
