country,year,value
Chad,2010,3.58611989021301
Niger,2010,23.6520195007324
Chad,2011,1.01617002487183
Benin,2013,16.6947593688965
Morocco,2013,4.62080001831055
Burundi,2014,20.5466003417969
Djibouti,2015,75.4176635742188
