country,year,value
Malawi,2010,21.2524597132368
Malawi,2011,24.04247007344
Malawi,2012,26.7342079661395
