country,year,value
Guyana,2008,14.6639969724741
Philippines,2013,22.1327201464369
Philippines,2014,22.13
