country,year,value
Guyana,2008,41.3673236572559
Philippines,2013,37.4352030982345
Philippines,2014,37.44
