country,year,value
Albania,2005,100.0
Kazakhstan,2005,98.905436001547
Montenegro,2005,100.0
Sierra Leone,2005,40.7710404194937
Tajikistan,2005,88.8023888830159
Thailand,2005,100.0
Bosnia and Herzegovina,2006,99.7602370875615
Suriname,2010,48.0995221274074
Bosnia and Herzegovina,2011,100.0
Chad,2011,24.9677535565008
Sierra Leone,2011,58.7448184839299
Malawi,2014,83.4753302880713
