country,year,value
Argentina,2006,14.47911
Brazil,2006,15.05581
Chile,2006,18.76457
Colombia,2006,12.77523
Costa Rica,2006,21.44115
Cuba,2006,17.8788
Dominican Republic,2006,0.72368
Ecuador,2006,8.06789
El Salvador,2006,8.11727
Guatemala,2006,5.13719
Mexico,2006,21.83521
Nicaragua,2006,6.68088
Panama,2006,7.35838
Paraguay,2006,11.65692
Peru,2006,7.38195
Uruguay,2006,19.23308
