country,year,value
Djibouti,2008,12.7840900421143
Cape Verde,2011,5.20446014404297
Djibouti,2011,18.6868705749512
Ghana,2012,0.22461000084877
Morocco,2013,5.70909976959229
Niger,2013,6.53983020782471
