country,year,value
Argentina,2006,36.21294
Colombia,2006,28.50443
Cuba,2006,9.32089
Dominican Republic,2006,61.36303
El Salvador,2006,41.64213
Panama,2006,45.25147
Paraguay,2006,45.12693
Peru,2006,44.44538
Uruguay,2006,23.27102
