country,year,value
Chad,2004,33.0
Benin,2005,25.0
Cameroon,2005,64.2
Madagascar,2005,80.2
Gabon,2006,67.61457
Burkina Faso,2007,49.13951
Senegal,2007,57.93611
Burundi,2009,63.7859
Comoros,2009,39.45295
Congo,2009,43.73199
Cote d'Ivoire,2009,23.35024
Chad,2010,37.53684
Democratic Republic of Congo,2010,62.95554
Togo,2010,40.78036
