country,year,value
Argentina,2006,11.84645
Colombia,2006,9.63029
Cuba,2006,30.73602
Dominican Republic,2006,1.06831
El Salvador,2006,6.49932
Panama,2006,7.908
Paraguay,2006,7.44212
Peru,2006,5.02481
Uruguay,2006,23.9879
