country,year,value
Jordan,2012,26.2617854359869
Egypt,2013,18.8748027020129
Jordan,2014,38.98
