country,year,value
Chad,2004,24.5
Benin,2005,25.8
Cameroon,2005,69.8
Madagascar,2005,32.5
Gabon,2006,84.9297
Burkina Faso,2007,41.41078
Senegal,2007,49.02769
Burundi,2009,54.20424
Comoros,2009,26.91353
Congo,2009,37.31551
Cote d'Ivoire,2009,36.79095
Chad,2010,38.08382
Democratic Republic of Congo,2010,50.51707
Togo,2010,27.70519
