country,year,value
Djibouti,2008,11.8918895721436
Djibouti,2009,19.3548393249512
Cape Verde,2011,9.32835960388184
Djibouti,2011,16.8627490997314
Mali,2011,14.8544301986694
Cape Verde,2012,8.01480007171631
Djibouti,2012,10.931170463562
Ghana,2012,11.0316696166992
Niger,2012,11.1386098861694
Comoros,2013,5.95238018035889
Morocco,2013,4.53101015090942
Niger,2013,21.405460357666
