country,year,value
Djibouti,2008,13.1868095397949
Chad,2010,12.6749000549316
Cape Verde,2011,7.18001985549927
Djibouti,2011,23.1947498321533
Ghana,2011,0.433079987764359
Ghana,2012,0.432040005922318
Comoros,2013,2.53968000411987
Morocco,2013,6.32144021987915
Niger,2013,6.33074998855591
