country,year,value
Guyana,2008,35.2337772092813
Philippines,2013,67.1003649036333
Philippines,2014,67.1
