country,year,value
Argentina,2006,32.68243
Brazil,2006,36.90765
Chile,2006,26.55995
Colombia,2006,37.46774
Costa Rica,2006,22.00192
Cuba,2006,11.28841
Dominican Republic,2006,47.5001
Ecuador,2006,46.87233
El Salvador,2006,43.068
Guatemala,2006,49.11776
Mexico,2006,28.80008
Nicaragua,2006,44.12296
Panama,2006,49.76004
Paraguay,2006,37.95549
Peru,2006,44.07643
Uruguay,2006,25.51898
