country,year,value
Malawi,2010,94.4750854304122
Malawi,2011,95.6419419910575
Malawi,2012,90.2067331303141
