country,year,value
Jordan,2012,7.0070482892712
Egypt,2013,5.94165328149488
Jordan,2014,12.06
