country,year,value
Malawi,2010,55.5372445709942
Malawi,2011,69.8035672417403
Malawi,2012,72.9037421851617
