country,year,value
Chad,2004,37.0
Benin,2005,39.3
Cameroon,2005,9.9
Madagascar,2005,6.4
Gabon,2006,8.88949
Burkina Faso,2007,30.26934
Senegal,2007,17.29661
Burundi,2009,14.70045
Comoros,2009,34.20678
Congo,2009,29.98269
Cote d'Ivoire,2009,44.5256
Chad,2010,34.39196
Democratic Republic of Congo,2010,14.79055
Togo,2010,29.70091
