country,year,value
Guyana,2008,19.1103548474012
Philippines,2013,51.3368253596104
Philippines,2014,51.34
